{
  "3": {
    "emotion": "Sadness",
    "confidence": 0.17580993473529816,
    "distribution": {
      "Anger": 0.08057259023189545,
      "Contempt": 0.12078116834163666,
      "Disgust": 0.15261217951774597,
      "Fear": 0.1278943419456482,
      "Happiness": 0.08079628646373749,
      "Neutral": 0.1519850194454193,
      "Sadness": 0.17580993473529816,
      "Surprise": 0.10954849421977997
    }
  },
  "2": {
    "emotion": "Neutral",
    "confidence": 0.1627887785434723,
    "distribution": {
      "Anger": 0.07738573849201202,
      "Contempt": 0.12598781287670135,
      "Disgust": 0.15606144070625305,
      "Fear": 0.13510949909687042,
      "Happiness": 0.10127519071102142,
      "Neutral": 0.1627887785434723,
      "Sadness": 0.12724938988685608,
      "Surprise": 0.11414218693971634
    }
  }
}