{
  "2": {
    "emotion": "Sadness",
    "confidence": 0.17711639404296875,
    "distribution": {
      "Anger": 0.07808986306190491,
      "Contempt": 0.13876667618751526,
      "Disgust": 0.14841382205486298,
      "Fear": 0.11342494189739227,
      "Happiness": 0.10022887587547302,
      "Neutral": 0.14344726502895355,
      "Sadness": 0.17711639404296875,
      "Surprise": 0.10051216185092926
    }
  }
}