{
  "1": {
    "emotion": "Disgust",
    "confidence": 0.16325247287750244,
    "distribution": {
      "Anger": 0.07675096392631531,
      "Contempt": 0.15575435757637024,
      "Disgust": 0.16325247287750244,
      "Fear": 0.1101876050233841,
      "Happiness": 0.1257023811340332,
      "Neutral": 0.1308613121509552,
      "Sadness": 0.1325921267271042,
      "Surprise": 0.10489876568317413
    }
  }
}