{
  "day1_clip03_13點": 0.3006064765901869,
  "day1_clip06_20點": 0.22662646015064458,
  "day2_clip02_11點": 0.1999999910136972
}