{
  "day1_clip01_9點": 0.1660923449054892,
  "day1_clip02_11點": 0.2,
  "day1_clip05_17點": 0.16857231602659592
}