{
  "risk_score": 0.4684095084667206,
  "behavior_trend": "Improving",
  "attention_weights": {
    "day1_clip03_13點": 0.3292035162448883,
    "day1_clip06_20點": 0.33260536193847656,
    "day2_clip02_11點": 0.3381911814212799
  }
}