{
  "1": {
    "emotion": "Happiness",
    "confidence": 0.15570597350597382,
    "distribution": {
      "Anger": 0.05777770280838013,
      "Contempt": 0.13014021515846252,
      "Disgust": 0.1532408744096756,
      "Fear": 0.15519580245018005,
      "Happiness": 0.15570597350597382,
      "Neutral": 0.1108427345752716,
      "Sadness": 0.09990352392196655,
      "Surprise": 0.13719315826892853
    }
  },
  "2": {
    "emotion": "Happiness",
    "confidence": 0.19225341081619263,
    "distribution": {
      "Anger": 0.06063014641404152,
      "Contempt": 0.13195198774337769,
      "Disgust": 0.1459023356437683,
      "Fear": 0.14115899801254272,
      "Happiness": 0.19225341081619263,
      "Neutral": 0.12878333032131195,
      "Sadness": 0.09612684696912766,
      "Surprise": 0.1031930148601532
    }
  }
}