{
  "day1_clip01_9點": 0.2,
  "day1_clip02_11點": 0.791828454205876,
  "day1_clip03_13點": 1.0,
  "day1_clip04_15點": 0.14233457963123558,
  "day1_clip05_17點": 0.7611648314568273,
  "day1_clip06_20點": 0.7255308590208003,
  "day2_clip01_9點": 0.7542429543225289,
  "day2_clip02_11點": 0.7644167301110303,
  "day2_clip03_13點": 0.7283167283815316,
  "day2_clip04_15點": 0.5793052427457238,
  "day2_clip05_17點": 0.67054884404193,
  "day2_clip06_20點": 1.0
}