{
  "risk_score": 0.4618903696537018,
  "behavior_trend": "Improving",
  "attention_weights": {
    "day1_clip01_9點": 0.0835299864411354,
    "day1_clip02_11點": 0.0836138129234314,
    "day1_clip03_13點": 0.08351632952690125,
    "day1_clip04_15點": 0.08370358496904373,
    "day1_clip05_17點": 0.08399230241775513,
    "day1_clip06_20點": 0.08387193083763123,
    "day2_clip01_9點": 0.0836370587348938,
    "day2_clip02_11點": 0.08369620144367218,
    "day2_clip03_13點": 0.08344312757253647,
    "day2_clip04_15點": 0.082993283867836,
    "day2_clip05_17點": 0.08245335519313812,
    "day2_clip06_20點": 0.08154906332492828
  }
}