{
  "1": {
    "emotion": "Disgust",
    "confidence": 0.1491011083126068,
    "distribution": {
      "Anger": 0.07003014534711838,
      "Contempt": 0.13785260915756226,
      "Disgust": 0.1491011083126068,
      "Fear": 0.136351078748703,
      "Happiness": 0.1402757465839386,
      "Neutral": 0.1391393095254898,
      "Sadness": 0.11039382219314575,
      "Surprise": 0.1168561652302742
    }
  },
  "7": {
    "emotion": "Disgust",
    "confidence": 0.15911175310611725,
    "distribution": {
      "Anger": 0.07723134011030197,
      "Contempt": 0.14421148598194122,
      "Disgust": 0.15911175310611725,
      "Fear": 0.11793363094329834,
      "Happiness": 0.136024609208107,
      "Neutral": 0.13794434070587158,
      "Sadness": 0.11937198787927628,
      "Surprise": 0.10817083716392517
    }
  }
}