{
  "3": {
    "emotion": "Happiness",
    "confidence": 0.23826171457767487,
    "distribution": {
      "Anger": 0.06664039939641953,
      "Contempt": 0.17958608269691467,
      "Disgust": 0.18772202730178833,
      "Fear": 0.10730872303247452,
      "Happiness": 0.23826171457767487,
      "Neutral": 0.05288306623697281,
      "Sadness": 0.07996149361133575,
      "Surprise": 0.08763646334409714
    }
  },
  "5": {
    "emotion": "Disgust",
    "confidence": 0.16525819897651672,
    "distribution": {
      "Anger": 0.06714857369661331,
      "Contempt": 0.14374114573001862,
      "Disgust": 0.16525819897651672,
      "Fear": 0.12134739756584167,
      "Happiness": 0.13119791448116302,
      "Neutral": 0.15008968114852905,
      "Sadness": 0.10231176018714905,
      "Surprise": 0.11890535801649094
    }
  }
}