{
  "day2_clip03_13點": 0.20000000946631652,
  "day2_clip04_15點": 0.19483247033658718,
  "day2_clip06_20點": 0.372044547349616
}